{
    "  1920 1080 brown 0.85": {
        "projection_type": "brown",
        "width": 1920,
        "height": 1080,
        "focal_x": 0.8233306193381309,
        "focal_y": 0.8233306193381309,
        "c_x": -0.015180957589458142,
        "c_y": 0.017500971557019365,
        "k1": 0.005747836242433375,
        "k2": -0.033129711667476656,
        "p1": -0.000755377931378691,
        "p2": -0.007804700916631786,
        "k3": 0.03782847169769175
    }
}