{
    "  1920 1080 brown 0.85": {
        "projection_type": "brown",
        "width": 1920,
        "height": 1080,
        "focal_x": 0.8234384839699987,
        "focal_y": 0.8234384839699987,
        "c_x": -0.013129720968921375,
        "c_y": 0.018854544939191427,
        "k1": 0.0058468205183101465,
        "k2": -0.033727737259364635,
        "p1": -0.0003244161789292089,
        "p2": -0.0072988802770185025,
        "k3": 0.03863827591497972
    }
}